model,params_b,n_baseline,beta1,R2_baseline,se,t,p,R2_all_conditions,baseline_constant,inferential
Llama-1B,1,986,-0.0,,,,,0.0064,True,False
Llama-3B,3,1010,0.03675,0.7591,0.00065,56.358,0.0,0.7209,False,True
Mistral-7B,7,1010,0.06957,0.9535,0.00048,143.756,0.0,0.8985,False,True
Qwen-7B,7,1010,0.04851,0.8462,0.00065,74.466,0.0,0.7613,False,True
QwenVL-7B,7,1010,0.05564,0.8502,0.00074,75.623,0.0,0.6634,False,True
Llama-8B,8,1010,0.06718,0.9173,0.00064,105.763,0.0,0.7102,False,True
Llama-11B,11,1010,0.06507,0.9249,0.00058,111.444,0.0,0.6569,False,True
Qwen-14B,14,1010,0.05706,0.8425,0.00078,73.421,0.0,0.7276,False,True
